"贷款总额","贷款年数","贷款月供","贷款年供","每年比贷1年少还","贷款利息","前10年还贷","10-15年还贷","15-20年还贷","20-25年还贷","贷款总额"
"37万","11","3631.57","43578.840000000004","0.0","109366.58","435788.4","43578.840000000004","0.0","0.0","479366.58"
"37万","12","3403.56","40842.72","2736.1200000000026","120113.08","408427.19999999995","81685.44","0.0","0.0","490113.08"
"37万","13","3211.55","38538.600000000006","2304.119999999997","131002.35","385386.0","115615.80000000002","0.0","0.0","501002.35"
"37万","14","3047.82","36573.840000000004","1964.7600000000002","142033.54","365738.4","146295.36000000002","0.0","0.0","512033.54"
"37万","15","2906.7","34880.399999999994","1693.4400000000041","153205.75","348804.0","174402.0","0.0","0.0","523205.75"
"37万","16","2783.95","33407.399999999994","1473.0","164518.01","334074.0","167037.0","33407.399999999994","0.0","534518.01"
"37万","17","2676.32","32115.840000000004","1291.5599999999959","175969.31","321158.4","160579.2","64231.68000000001","0.0","545969.31"
"37万","18","2581.29","30975.48","1140.3600000000024","187558.56","309754.80000000005","154877.40000000002","92926.44","0.0","557558.56"
"37万","19","2496.86","29962.32","1013.159999999998","199284.62","299623.2","149811.6","119849.28","0.0","569284.62"
"37万","20","2421.44","29057.28","905.0400000000009","211146.32","290572.80000000005","145286.40000000002","145286.40000000002","0.0","581146.32"
"37万","21","2353.74","28244.879999999997","812.4000000000033","223142.4","282448.8","141224.4","169469.27999999997","28244.879999999997","593142.4"
"37万","22","2292.7","27512.399999999998","732.4799999999996","235271.6","275124.0","137562.0","192586.8","55024.799999999996","605271.6"
"37万","23","2237.44","26849.28","663.1199999999972","247532.56","268492.80000000005","134246.40000000002","214794.24","80547.84","617532.56"
"37万","24","2187.24","26246.879999999997","602.4000000000033","259923.93","262468.8","131234.4","236221.91999999995","104987.51999999999","629923.93"
"37万","25","2141.48","25697.760000000002","549.1199999999972","272444.26","256977.59999999998","128488.79999999999","256977.59999999998","128488.79999999999","642444.26"
